Time|TimeStamp|Price|Open|High|Low|Close|Volume|Volume Weight Avg Price
2022-05-31T09:30:00|1654003800|204.98000000000002|206.69|206.69|203.27|203.74|1428|203.59116
2022-05-31T09:32:00|1654003920|203.45|203.45|203.45|203.45|203.45|100|203.45
2022-05-31T09:33:00|1654003980|202.60000000000002|203.27|203.27|201.93|201.93|752|202.8817
2022-05-31T09:35:00|1654004100|201.915|202.255|202.63|201.2|201.205|1500|201.99833
2022-05-31T09:40:00|1654004400|201.34|201.34|201.34|201.34|201.34|100|201.34
2022-05-31T09:41:00|1654004460|201.3025|201.295|201.31|201.295|201.31|299|201.30002
2022-05-31T09:45:00|1654004700|201.43|201.14|202.24|200.62|202.24|300|201.33333
2022-05-31T09:46:00|1654004760|201.18|201.53|201.53|200.83|200.83|5300|201.51236
2022-05-31T09:48:00|1654004880|201.52|201.52|201.52|201.52|201.52|100|201.52
2022-05-31T09:49:00|1654004940|201.28|201.28|201.28|201.28|201.28|100|201.28
2022-05-31T09:52:00|1654005120|200.91|201.32|201.32|200.5|200.95|600|200.75167
2022-05-31T09:56:00|1654005360|201.545|201.545|201.545|201.545|201.545|100|201.545
2022-05-31T09:57:00|1654005420|201.695|201.87|201.87|201.52|201.52|323|201.62836
2022-05-31T09:59:00|1654005540|201.38375000000002|201.4975|201.4975|201.27|201.27|487|201.31671
2022-05-31T10:00:00|1654005600|201.33|201.33|201.33|201.33|201.33|100|201.33
2022-05-31T10:04:00|1654005840|200.12|200.42|200.42|199.82|199.89|723|199.99105
2022-05-31T10:06:00|1654005960|200.335|200.37|200.37|200.3|200.3|500|200.326
2022-05-31T10:09:00|1654006140|199.875|199.99|199.99|199.76|199.76|400|199.9325
2022-05-31T10:11:00|1654006260|199.68|199.82|199.82|199.54|199.61|500|199.664
2022-05-31T10:14:00|1654006440|200.01999999999998|200.0|200.04|200.0|200.04|300|200.01333
2022-05-31T10:15:00|1654006500|200.59|200.59|200.59|200.59|200.59|104|200.59
2022-05-31T10:25:00|1654007100|202.045|202.045|202.045|202.045|202.045|100|202.045
2022-05-31T10:26:00|1654007160|202.22000000000003|202.08|202.36|202.08|202.36|200|202.22
2022-05-31T10:27:00|1654007220|202.025|202.15|202.15|201.9|201.9|300|202.0
2022-05-31T10:28:00|1654007280|201.75|201.64|201.86|201.64|201.86|300|201.71333
2022-05-31T10:31:00|1654007460|202.4066|202.31|202.5032|202.31|202.5032|235|202.42099
2022-05-31T10:33:00|1654007580|201.71|201.71|201.71|201.71|201.71|100|201.71
2022-05-31T10:35:00|1654007700|201.3853|201.3853|201.3853|201.3853|201.3853|149|201.3853
2022-05-31T10:36:00|1654007760|201.10250000000002|201.125|201.125|201.08|201.08|200|201.1025
2022-05-31T10:40:00|1654008000|201.23|201.23|201.23|201.23|201.23|100|201.23
2022-05-31T10:41:00|1654008060|201.305|201.3|201.34|201.27|201.34|400|201.2975
2022-05-31T10:43:00|1654008180|201.76|201.76|201.76|201.76|201.76|100|201.76
2022-05-31T10:44:00|1654008240|201.365|201.34|201.39|201.34|201.39|200|201.365
2022-05-31T10:45:00|1654008300|201.58|201.58|201.58|201.58|201.58|100|201.58
2022-05-31T10:46:00|1654008360|201.475|201.475|201.475|201.475|201.475|267|201.475
2022-05-31T10:48:00|1654008480|201.305|201.33|201.33|201.28|201.28|300|201.31333
2022-05-31T10:49:00|1654008540|201.06|201.06|201.06|201.06|201.06|100|201.06
2022-05-31T10:51:00|1654008660|201.455|201.455|201.455|201.455|201.455|100|201.455
2022-05-31T10:54:00|1654008840|201.59500000000003|201.735|201.735|201.455|201.455|200|201.595
2022-05-31T10:55:00|1654008900|201.72|201.72|201.72|201.72|201.72|100|201.72
2022-05-31T10:56:00|1654008960|201.45|201.45|201.45|201.45|201.45|100|201.45
2022-05-31T10:57:00|1654009020|201.255|201.2|201.31|201.2|201.3|453|201.25923
2022-05-31T10:58:00|1654009080|201.85|201.85|201.85|201.85|201.85|100|201.85
2022-05-31T11:00:00|1654009200|202.085|202.085|202.085|202.085|202.085|100|202.085
2022-05-31T11:01:00|1654009260|201.79|201.79|201.79|201.79|201.79|100|201.79
2022-05-31T11:02:00|1654009320|202.59|202.59|202.59|202.59|202.59|100|202.59
2022-05-31T11:06:00|1654009560|202.25|202.25|202.25|202.25|202.25|100|202.25
2022-05-31T11:07:00|1654009620|202.03|202.03|202.03|202.03|202.03|100|202.03
2022-05-31T11:09:00|1654009740|201.7625|201.765|201.765|201.76|201.76|200|201.7625
2022-05-31T11:14:00|1654010040|201.93|201.93|201.93|201.93|201.93|100|201.93
2022-05-31T11:19:00|1654010340|202.23250000000002|202.36|202.36|202.105|202.105|200|202.2325
2022-05-31T11:22:00|1654010520|202.025|201.96|202.18|201.87|202.18|928|201.94815
2022-05-31T11:24:00|1654010640|201.87|201.87|201.87|201.87|201.87|100|201.87
2022-05-31T11:25:00|1654010700|201.41|201.41|201.41|201.41|201.41|200|201.41
2022-05-31T11:27:00|1654010820|201.67|201.67|201.67|201.67|201.67|100|201.67
2022-05-31T11:29:00|1654010940|201.31|201.49|201.49|201.13|201.13|200|201.31
2022-05-31T11:30:00|1654011000|201.12|201.12|201.12|201.12|201.12|100|201.12
2022-05-31T11:31:00|1654011060|201.14|201.14|201.14|201.14|201.14|100|201.14
2022-05-31T11:32:00|1654011120|201.02|201.02|201.02|201.02|201.02|100|201.02
2022-05-31T11:34:00|1654011240|201.11|201.23|201.23|200.99|200.99|200|201.11
2022-05-31T11:36:00|1654011360|201.01|200.945|201.16|200.86|201.16|300|200.98833
2022-05-31T11:42:00|1654011720|201.765|201.68|201.85|201.68|201.69|300|201.74
2022-05-31T11:43:00|1654011780|201.61|201.68|201.71|201.51|201.51|400|201.6475
2022-05-31T11:44:00|1654011840|201.46|201.46|201.46|201.46|201.46|150|201.46
2022-05-31T11:46:00|1654011960|201.57|201.57|201.57|201.57|201.57|100|201.57
2022-05-31T11:48:00|1654012080|201.885|201.77|202.0|201.77|202.0|200|201.885
2022-05-31T11:50:00|1654012200|202.18|202.18|202.18|202.18|202.18|200|202.18
2022-05-31T11:52:00|1654012320|202.255|202.32|202.32|202.19|202.19|200|202.255
2022-05-31T11:53:00|1654012380|202.32|202.24|202.4|202.24|202.39|400|202.3575
2022-05-31T11:55:00|1654012500|202.43|202.43|202.43|202.43|202.43|200|202.43
2022-05-31T11:57:00|1654012620|202.41|202.41|202.41|202.41|202.41|191|202.41
2022-05-31T11:59:00|1654012740|202.7175|202.87|202.87|202.565|202.565|290|202.67017
2022-05-31T12:02:00|1654012920|202.60500000000002|202.6|202.61|202.6|202.61|300|202.60667
2022-05-31T12:03:00|1654012980|202.7475|202.715|202.78|202.715|202.745|400|202.73875
2022-05-31T12:05:00|1654013100|202.67|202.67|202.67|202.67|202.67|100|202.67
2022-05-31T12:06:00|1654013160|202.57999999999998|202.67|202.67|202.49|202.49|300|202.57
2022-05-31T12:08:00|1654013280|202.48000000000002|202.44|202.52|202.44|202.44|300|202.46667
2022-05-31T12:09:00|1654013340|202.2|202.19|202.23|202.17|202.17|1000|202.191
2022-05-31T12:10:00|1654013400|201.93|201.93|201.93|201.93|201.93|100|201.93
2022-05-31T12:14:00|1654013640|201.84|201.99|201.99|201.69|201.69|400|201.81
2022-05-31T12:15:00|1654013700|201.925|201.85|202.0|201.85|202.0|200|201.925
2022-05-31T12:18:00|1654013880|201.545|201.67|201.67|201.42|201.42|200|201.545
2022-05-31T12:19:00|1654013940|201.615|201.615|201.615|201.615|201.615|100|201.615
2022-05-31T12:20:00|1654014000|201.6825|201.775|201.775|201.59|201.59|200|201.6825
2022-05-31T12:21:00|1654014060|201.48|201.48|201.48|201.48|201.48|100|201.48
2022-05-31T12:22:00|1654014120|201.485|201.64|201.64|201.33|201.33|200|201.485
2022-05-31T12:23:00|1654014180|201.4|201.31|201.5|201.3|201.3|400|201.35625
2022-05-31T12:24:00|1654014240|201.14749999999998|201.22|201.22|201.075|201.075|400|201.18375
2022-05-31T12:26:00|1654014360|201.355|201.48|201.48|201.23|201.23|200|201.355
2022-05-31T12:27:00|1654014420|201.7075|201.705|201.71|201.705|201.71|307|201.70837
2022-05-31T12:28:00|1654014480|201.74|201.74|201.74|201.74|201.74|104|201.74
2022-05-31T12:29:00|1654014540|201.435|201.435|201.435|201.435|201.435|100|201.435
2022-05-31T12:36:00|1654014960|201.85|201.95|201.95|201.75|201.75|200|201.85
2022-05-31T12:37:00|1654015020|201.855|201.76|201.95|201.76|201.95|200|201.855
2022-05-31T12:38:00|1654015080|202.1325|201.88|202.385|201.88|201.98|1600|202.03344
2022-05-31T12:40:00|1654015200|201.935|202.02|202.02|201.85|201.85|200|201.935
2022-05-31T12:46:00|1654015560|202.11|202.11|202.11|202.11|202.11|100|202.11
2022-05-31T12:47:00|1654015620|201.96|201.96|201.96|201.96|201.96|100|201.96
2022-05-31T12:50:00|1654015800|202.255|202.255|202.255|202.255|202.255|156|202.255
2022-05-31T12:51:00|1654015860|202.35750000000002|202.31|202.405|202.31|202.405|200|202.3575
2022-05-31T12:55:00|1654016100|201.9975|201.955|202.04|201.955|202.04|200|201.9975
2022-05-31T12:56:00|1654016160|202.135|202.055|202.23|202.04|202.085|900|202.11611
2022-05-31T12:57:00|1654016220|202.035|202.035|202.035|202.035|202.035|200|202.035
2022-05-31T12:59:00|1654016340|202.14|202.14|202.14|202.14|202.14|100|202.14
2022-05-31T13:02:00|1654016520|201.6|201.6|201.6|201.6|201.6|100|201.6
2022-05-31T13:03:00|1654016580|201.37|201.37|201.37|201.37|201.37|100|201.37
2022-05-31T13:04:00|1654016640|201.5|201.51|201.51|201.49|201.49|300|201.49667
2022-05-31T13:06:00|1654016760|201.7275|201.54|201.915|201.54|201.915|800|201.64188
2022-05-31T13:09:00|1654016940|202.10500000000002|202.12|202.12|202.09|202.09|200|202.105
2022-05-31T13:10:00|1654017000|202.01999999999998|202.16|202.16|201.88|201.88|463|201.99585
2022-05-31T13:11:00|1654017060|201.7475|201.685|201.81|201.685|201.81|300|201.75167
2022-05-31T13:12:00|1654017120|201.485|201.82|201.82|201.15|201.61|2050|201.30098
2022-05-31T13:17:00|1654017420|201.27|201.27|201.27|201.27|201.27|116|201.27
2022-05-31T13:21:00|1654017660|201.20499999999998|201.255|201.255|201.155|201.155|300|201.22167
2022-05-31T13:26:00|1654017960|201.13|201.18|201.2|201.06|201.135|400|201.14375
2022-05-31T13:27:00|1654018020|201.35|201.31|201.39|201.31|201.39|400|201.3575
2022-05-31T13:33:00|1654018380|201.42|201.42|201.42|201.42|201.42|100|201.42
2022-05-31T13:34:00|1654018440|201.565|201.69|201.69|201.44|201.44|200|201.565
2022-05-31T13:38:00|1654018680|201.7425|201.68|201.945|201.54|201.945|700|201.71071
2022-05-31T13:41:00|1654018860|202.1325|202.32|202.32|201.945|201.945|300|202.09167
2022-05-31T13:43:00|1654018980|202.3|202.3|202.3|202.3|202.3|100|202.3
2022-05-31T13:44:00|1654019040|202.115|202.1|202.13|202.1|202.13|200|202.115
2022-05-31T13:46:00|1654019160|202.25|202.25|202.25|202.25|202.25|100|202.25
2022-05-31T13:49:00|1654019340|202.19|201.93|202.45|201.93|202.45|300|202.10333
2022-05-31T13:51:00|1654019460|202.44|202.44|202.44|202.44|202.44|200|202.44
2022-05-31T13:52:00|1654019520|203.09|203.09|203.09|203.09|203.09|100|203.09
2022-05-31T13:57:00|1654019820|203.03|203.36|203.36|202.7|203.19|567|203.07284
2022-05-31T13:59:00|1654019940|203.69|203.46|203.92|203.46|203.69|500|203.654
2022-05-31T14:02:00|1654020120|203.60000000000002|203.59|203.61|203.59|203.6|400|203.6025
2022-05-31T14:06:00|1654020360|203.11|203.11|203.11|203.11|203.11|100|203.11
2022-05-31T14:08:00|1654020480|203.015|203.015|203.015|203.015|203.015|100|203.015
2022-05-31T14:09:00|1654020540|203.45|203.44|203.46|203.44|203.46|300|203.45333
2022-05-31T14:14:00|1654020840|203.47|203.5|203.5|203.44|203.44|600|203.46167
2022-05-31T14:16:00|1654020960|203.6|203.6|203.6|203.6|203.6|653|203.6
2022-05-31T14:19:00|1654021140|203.65|203.65|203.65|203.65|203.65|330|203.65
2022-05-31T14:20:00|1654021200|203.68|203.68|203.68|203.68|203.68|100|203.68
2022-05-31T14:21:00|1654021260|203.365|203.49|203.49|203.24|203.28|600|203.36833
2022-05-31T14:23:00|1654021380|202.865|203.02|203.02|202.71|202.71|300|202.88333
2022-05-31T14:25:00|1654021500|203.01|203.01|203.01|203.01|203.01|100|203.01
2022-05-31T14:27:00|1654021620|202.77|202.77|202.77|202.77|202.77|100|202.77
2022-05-31T14:30:00|1654021800|202.655|202.98|202.98|202.33|202.33|200|202.655
2022-05-31T14:32:00|1654021920|202.605|202.605|202.605|202.605|202.605|100|202.605
2022-05-31T14:33:00|1654021980|202.635|202.62|202.65|202.62|202.64|500|202.642
2022-05-31T14:38:00|1654022280|203.255|203.085|203.425|203.085|203.425|400|203.2925
2022-05-31T14:39:00|1654022340|203.35|203.28|203.42|203.28|203.28|400|203.34375
2022-05-31T14:41:00|1654022460|202.95|203.09|203.09|202.81|202.81|200|202.95
2022-05-31T14:42:00|1654022520|202.75|202.75|202.75|202.75|202.75|100|202.75
2022-05-31T14:45:00|1654022700|202.51|202.51|202.51|202.51|202.51|200|202.51
2022-05-31T14:48:00|1654022880|202.4|202.4|202.4|202.4|202.4|100|202.4
2022-05-31T14:49:00|1654022940|202.3|202.3|202.3|202.3|202.3|200|202.3
2022-05-31T14:52:00|1654023120|202.6295|202.61|202.649|202.61|202.649|200|202.6295
2022-05-31T14:56:00|1654023360|202.0169|201.92|202.1138|201.92|202.1138|563|202.04606
2022-05-31T14:57:00|1654023420|202.41|202.41|202.41|202.41|202.41|200|202.41
2022-05-31T14:59:00|1654023540|202.54|202.54|202.54|202.54|202.54|100|202.54
2022-05-31T15:04:00|1654023840|202.14|202.01|202.27|202.01|202.27|200|202.14
2022-05-31T15:07:00|1654024020|202.155|202.14|202.2|202.11|202.2|545|202.15734
2022-05-31T15:09:00|1654024140|202.335|202.3|202.37|202.3|202.33|1500|202.31267
2022-05-31T15:10:00|1654024200|201.9925|201.945|202.04|201.945|202.04|200|201.9925
2022-05-31T15:11:00|1654024260|201.91000000000003|202.05|202.05|201.77|201.84|700|201.93429
2022-05-31T15:15:00|1654024500|201.945|202.01|202.01|201.88|201.94|1100|201.90318
2022-05-31T15:17:00|1654024620|202.21|202.21|202.21|202.21|202.21|100|202.21
2022-05-31T15:18:00|1654024680|202.01|202.08|202.08|201.94|201.94|200|202.01
2022-05-31T15:20:00|1654024800|202.03|202.03|202.03|202.03|202.03|200|202.03
2022-05-31T15:22:00|1654024920|202.12|202.12|202.12|202.12|202.12|100|202.12
2022-05-31T15:24:00|1654025040|202.11|202.32|202.32|201.9|201.9|300|202.18
2022-05-31T15:25:00|1654025100|202.13|202.12|202.14|202.12|202.14|300|202.12667
2022-05-31T15:27:00|1654025220|201.905|202.0|202.0|201.81|201.81|200|201.905
2022-05-31T15:29:00|1654025340|202.0925|202.17|202.185|202.0|202.185|401|202.13359
2022-05-31T15:30:00|1654025400|202.425|202.34|202.51|202.34|202.51|400|202.4175
2022-05-31T15:31:00|1654025460|202.57999999999998|202.57|202.64|202.52|202.635|800|202.57313
2022-05-31T15:33:00|1654025580|202.95|202.95|202.95|202.95|202.95|100|202.95
2022-05-31T15:34:00|1654025640|202.745|202.7|202.79|202.7|202.79|200|202.745
2022-05-31T15:35:00|1654025700|202.8895|202.83|202.949|202.83|202.949|400|202.87475
2022-05-31T15:36:00|1654025760|202.71249999999998|202.82|202.82|202.605|202.78|1100|202.76205
2022-05-31T15:38:00|1654025880|202.71499999999997|202.76|202.76|202.67|202.67|200|202.715
2022-05-31T15:39:00|1654025940|202.7875|202.755|202.82|202.755|202.82|300|202.77667
2022-05-31T15:40:00|1654026000|202.74|202.74|202.74|202.74|202.74|100|202.74
2022-05-31T15:42:00|1654026120|202.56|202.47|202.65|202.47|202.65|320|202.57188
2022-05-31T15:44:00|1654026240|202.4725|202.595|202.595|202.35|202.35|200|202.4725
2022-05-31T15:45:00|1654026300|202.425|202.34|202.57|202.28|202.55|900|202.39833
2022-05-31T15:47:00|1654026420|202.73250000000002|202.71|202.755|202.71|202.755|200|202.7325
2022-05-31T15:49:00|1654026540|202.44|202.47|202.47|202.41|202.41|200|202.44
2022-05-31T15:50:00|1654026600|203.265|202.65|203.88|202.65|203.74|2012|203.59486
2022-05-31T15:51:00|1654026660|203.81|203.735|203.885|203.735|203.8|400|203.8025
2022-05-31T15:52:00|1654026720|203.95|204.01|204.01|203.89|203.89|600|203.95667
2022-05-31T15:53:00|1654026780|204.0025|204.115|204.115|203.89|203.89|713|203.97825
2022-05-31T15:54:00|1654026840|203.87|204.02|204.02|203.72|203.8|1028|203.85619
2022-05-31T15:55:00|1654026900|203.24|203.59|203.59|202.89|203.3|700|203.28571
2022-05-31T15:56:00|1654026960|202.755|202.885|203.0|202.51|202.715|860|202.82971
2022-05-31T15:57:00|1654027020|202.52999999999997|202.64|202.64|202.42|202.47|900|202.50778
2022-05-31T15:58:00|1654027080|202.42000000000002|202.43|202.58|202.26|202.375|1550|202.4529
2022-05-31T15:59:00|1654027140|202.62|202.38|202.86|202.38|202.48|9830|202.58543
2022-05-31T16:00:00|1654027200|202.43|202.43|202.43|202.43|202.43|54370|202.43
2022-05-31T16:01:00|1654027260|202.43|202.43|202.43|202.43|202.43|654|202.43
2022-05-31T16:04:00|1654027440|202.43|202.43|202.43|202.43|202.43|6690|202.43
2022-06-01T09:30:00|1654090200|203.49|204.15|204.15|202.83|202.83|477|203.87327
2022-06-01T09:31:00|1654090260|204.63|204.27|204.99|204.27|204.99|400|204.7775
2022-06-01T09:33:00|1654090380|203.595|204.17|204.17|203.02|203.02|493|203.6701
2022-06-01T09:34:00|1654090440|201.72|201.72|201.72|201.72|201.72|894|201.72
2022-06-01T09:39:00|1654090740|202.25|202.25|202.25|202.25|202.25|200|202.25
2022-06-01T09:51:00|1654091460|202.41|202.41|202.41|202.41|202.41|100|202.41
2022-06-01T09:52:00|1654091520|202.22500000000002|202.05|202.4|202.05|202.36|400|202.215
2022-06-01T09:53:00|1654091580|201.81|201.81|201.81|201.81|201.81|100|201.81
2022-06-01T09:57:00|1654091820|200.58|200.55|200.61|200.55|200.61|200|200.58
2022-06-01T10:02:00|1654092120|200.77|200.77|200.77|200.77|200.77|100|200.77
2022-06-01T10:04:00|1654092240|201.215|201.33|201.33|201.1|201.14|300|201.19
2022-06-01T10:09:00|1654092540|200.68|200.68|200.68|200.68|200.68|100|200.68
2022-06-01T10:10:00|1654092600|200.7875|200.785|200.79|200.785|200.79|300|200.78833
2022-06-01T10:12:00|1654092720|200.51485|200.45|200.6497|200.38|200.6497|323|200.50437
2022-06-01T10:15:00|1654092900|200.2|200.29|200.29|200.11|200.2|500|200.168
2022-06-01T10:17:00|1654093020|200.215|200.36|200.36|200.07|200.07|200|200.215
2022-06-01T10:18:00|1654093080|200.605|200.48|200.73|200.48|200.73|300|200.62
2022-06-01T10:19:00|1654093140|200.85750000000002|201.175|201.175|200.54|200.54|400|200.70375
2022-06-01T10:20:00|1654093200|200.6|200.6|200.6|200.6|200.6|100|200.6
2022-06-01T10:22:00|1654093320|200.065|200.06|200.07|200.06|200.07|204|200.0649
2022-06-01T10:23:00|1654093380|200.13|200.19|200.19|200.07|200.07|200|200.13
2022-06-01T10:24:00|1654093440|200.275|200.275|200.275|200.275|200.275|100|200.275
2022-06-01T10:25:00|1654093500|200.165|200.06|200.32|200.01|200.32|4100|200.13244
2022-06-01T10:26:00|1654093560|200.23000000000002|200.245|200.245|200.215|200.215|300|200.235
2022-06-01T10:27:00|1654093620|200.355|200.355|200.355|200.355|200.355|100|200.355
2022-06-01T10:29:00|1654093740|200.475|200.475|200.475|200.475|200.475|100|200.475
2022-06-01T10:30:00|1654093800|200.38|200.38|200.38|200.38|200.38|100|200.38
2022-06-01T10:33:00|1654093980|200.2625|200.0|200.525|200.0|200.09|2400|200.02729
2022-06-01T10:34:00|1654094040|200.265|200.265|200.265|200.265|200.265|100|200.265
2022-06-01T10:36:00|1654094160|200.1375|200.02|200.305|199.97|199.97|1204|200.02035
2022-06-01T10:37:00|1654094220|200.01|200.01|200.01|200.01|200.01|100|200.01
2022-06-01T10:38:00|1654094280|200.39499999999998|200.29|200.5|200.29|200.5|200|200.395
2022-06-01T10:40:00|1654094400|200.54500000000002|200.415|200.74|200.35|200.53|1500|200.42533
2022-06-01T10:42:00|1654094520|200.53|200.53|200.53|200.53|200.53|400|200.53
2022-06-01T10:43:00|1654094580|200.495|200.495|200.495|200.495|200.495|100|200.495
2022-06-01T10:44:00|1654094640|200.51999999999998|200.565|200.565|200.475|200.475|200|200.52
2022-06-01T10:45:00|1654094700|200.52|200.52|200.52|200.52|200.52|100|200.52
2022-06-01T10:46:00|1654094760|200.8175|200.675|200.96|200.675|200.96|400|200.82875
2022-06-01T10:47:00|1654094820|200.57|200.63|200.63|200.51|200.51|300|200.57667
2022-06-01T10:50:00|1654095000|200.27499999999998|200.51|200.51|200.04|200.31|1100|200.25091
2022-06-01T10:51:00|1654095060|200.4|200.4|200.4|200.4|200.4|100|200.4
2022-06-01T10:52:00|1654095120|200.595|200.595|200.595|200.595|200.595|100|200.595
2022-06-01T10:54:00|1654095240|200.99|200.99|200.99|200.99|200.99|100|200.99
2022-06-01T10:56:00|1654095360|201.24|201.24|201.24|201.24|201.24|200|201.24
2022-06-01T10:57:00|1654095420|201.475|201.475|201.475|201.475|201.475|100|201.475
2022-06-01T10:58:00|1654095480|201.52|201.52|201.52|201.52|201.52|100|201.52
2022-06-01T11:00:00|1654095600|200.99|200.94|201.04|200.94|201.04|400|201.015
2022-06-01T11:01:00|1654095660|201.005|201.005|201.005|201.005|201.005|100|201.005
2022-06-01T11:10:00|1654096200|201.51|201.51|201.51|201.51|201.51|100|201.51
2022-06-01T11:11:00|1654096260|201.17|200.92|201.42|200.92|201.42|1100|201.045
2022-06-01T11:12:00|1654096320|201.20499999999998|201.36|201.41|201.0|201.09|2004|201.16571
2022-06-01T11:13:00|1654096380|200.91|200.91|200.91|200.91|200.91|100|200.91
2022-06-01T11:15:00|1654096500|200.745|200.64|201.09|200.4|201.065|800|200.65938
2022-06-01T11:19:00|1654096740|200.85000000000002|200.965|200.965|200.735|200.735|213|200.84298
2022-06-01T11:24:00|1654097040|200.0|200.0|200.0|200.0|200.0|338|200.0
2022-06-01T11:25:00|1654097100|200.075|200.0|200.15|200.0|200.0|658|200.02736
2022-06-01T11:27:00|1654097220|200.29250000000002|200.35|200.435|200.15|200.435|300|200.31167
2022-06-01T11:28:00|1654097280|200.43|200.43|200.43|200.43|200.43|100|200.43
2022-06-01T11:29:00|1654097340|200.13|200.14|200.18|200.08|200.08|500|200.13
2022-06-01T11:30:00|1654097400|200.04000000000002|200.08|200.08|200.0|200.0|200|200.04
2022-06-01T11:31:00|1654097460|200.0|200.0|200.0|200.0|200.0|161|200.0
2022-06-01T11:35:00|1654097700|200.0|200.0|200.0|200.0|200.0|300|200.0
2022-06-01T11:37:00|1654097820|200.13|200.13|200.13|200.13|200.13|100|200.13
2022-06-01T11:40:00|1654098000|200.26|200.365|200.52|200.0|200.0|400|200.34125
2022-06-01T11:41:00|1654098060|199.93|200.0|200.0|199.86|199.86|400|199.94375
2022-06-01T11:42:00|1654098120|199.645|199.8|199.8|199.49|199.49|200|199.645
2022-06-01T11:46:00|1654098360|199.525|199.525|199.525|199.525|199.525|200|199.525
2022-06-01T11:47:00|1654098420|199.67|199.67|199.67|199.67|199.67|100|199.67
2022-06-01T11:48:00|1654098480|199.365|199.27|199.46|199.27|199.46|200|199.365
2022-06-01T11:49:00|1654098540|199.41000000000003|199.49|199.49|199.33|199.33|400|199.4325
2022-06-01T11:51:00|1654098660|199.49|199.49|199.49|199.49|199.49|100|199.49
2022-06-01T11:54:00|1654098840|199.47|199.49|199.49|199.45|199.45|300|199.47667
2022-06-01T11:56:00|1654098960|199.4775|199.49|199.535|199.42|199.42|300|199.48167
2022-06-01T11:57:00|1654099020|199.5675|199.595|199.665|199.47|199.49|600|199.56833
2022-06-01T11:58:00|1654099080|199.4375|199.49|199.49|199.385|199.385|200|199.4375
2022-06-01T11:59:00|1654099140|199.49|199.49|199.49|199.49|199.49|200|199.49
2022-06-01T12:01:00|1654099260|199.06875|199.0|199.1375|199.0|199.1375|200|199.06875
2022-06-01T12:04:00|1654099440|198.815|198.81|198.82|198.81|198.82|200|198.815
2022-06-01T12:05:00|1654099500|198.605|198.7|198.7|198.51|198.51|200|198.605
2022-06-01T12:06:00|1654099560|198.615|198.71|198.71|198.52|198.52|200|198.615
2022-06-01T12:10:00|1654099800|198.55|198.55|198.55|198.55|198.55|100|198.55
2022-06-01T12:11:00|1654099860|198.51|198.49|198.53|198.49|198.53|200|198.51
2022-06-01T12:17:00|1654100220|199.28|199.31|199.32|199.24|199.24|300|199.29
2022-06-01T12:19:00|1654100340|199.155|199.155|199.155|199.155|199.155|100|199.155
2022-06-01T12:20:00|1654100400|199.27|199.27|199.27|199.27|199.27|100|199.27
2022-06-01T12:23:00|1654100580|199.515|199.515|199.515|199.515|199.515|400|199.515
2022-06-01T12:27:00|1654100820|199.75|199.75|199.75|199.75|199.75|200|199.75
2022-06-01T12:28:00|1654100880|199.9875|199.985|199.99|199.985|199.99|300|199.98667
2022-06-01T12:29:00|1654100940|199.88|199.98|199.98|199.78|199.805|400|199.85125
2022-06-01T12:30:00|1654101000|199.5525|199.615|199.615|199.49|199.49|300|199.53167
2022-06-01T12:31:00|1654101060|199.6175|199.645|199.655|199.58|199.58|396|199.63111
2022-06-01T12:32:00|1654101120|199.73000000000002|199.845|199.845|199.615|199.615|400|199.74375
2022-06-01T12:33:00|1654101180|199.49|199.49|199.49|199.49|199.49|100|199.49
2022-06-01T12:40:00|1654101600|199.70749999999998|199.685|199.73|199.685|199.69|900|199.69222
2022-06-01T12:41:00|1654101660|199.78|199.78|199.78|199.78|199.78|100|199.78
2022-06-01T12:45:00|1654101900|199.5875|199.62|199.62|199.555|199.57|500|199.597
2022-06-01T12:48:00|1654102080|199.24|199.24|199.24|199.24|199.24|100|199.24
2022-06-01T12:49:00|1654102140|199.115|199.115|199.115|199.115|199.115|200|199.115
2022-06-01T12:51:00|1654102260|199.1|199.1|199.1|199.1|199.1|100|199.1
2022-06-01T12:53:00|1654102380|199.64|199.64|199.64|199.64|199.64|100|199.64
2022-06-01T12:54:00|1654102440|199.86|199.85|199.87|199.85|199.87|203|199.85985
2022-06-01T12:55:00|1654102500|199.875|199.93|199.93|199.82|199.87|500|199.884
2022-06-01T12:58:00|1654102680|200.47|200.47|200.47|200.47|200.47|200|200.47
2022-06-01T13:02:00|1654102920|200.675|200.68|200.68|200.67|200.67|200|200.675
2022-06-01T13:03:00|1654102980|200.91|200.91|200.91|200.91|200.91|154|200.91
2022-06-01T13:06:00|1654103160|201.01|201.1|201.1|200.92|200.92|500|200.966
2022-06-01T13:07:00|1654103220|200.89|200.89|200.89|200.89|200.89|100|200.89
2022-06-01T13:08:00|1654103280|201.01|201.01|201.01|201.01|201.01|100|201.01
2022-06-01T13:09:00|1654103340|201.12|201.12|201.12|201.12|201.12|100|201.12
2022-06-01T13:10:00|1654103400|201.44|201.44|201.44|201.44|201.44|100|201.44
2022-06-01T13:12:00|1654103520|201.54000000000002|201.52|201.56|201.52|201.56|200|201.54
2022-06-01T13:15:00|1654103700|201.67|201.67|201.67|201.67|201.67|100|201.67
2022-06-01T13:18:00|1654103880|201.7025|201.755|201.755|201.65|201.7|400|201.68875
2022-06-01T13:21:00|1654104060|202.135|202.085|202.185|202.085|202.185|300|202.15167
2022-06-01T13:22:00|1654104120|202.1925|202.16|202.26|202.125|202.125|1251|202.22402
2022-06-01T13:24:00|1654104240|201.9|201.9|201.9|201.9|201.9|100|201.9
2022-06-01T13:25:00|1654104300|202.21|202.21|202.21|202.21|202.21|100|202.21
2022-06-01T13:27:00|1654104420|202.41|202.41|202.41|202.41|202.41|100|202.41
2022-06-01T13:28:00|1654104480|202.555|202.555|202.555|202.555|202.555|100|202.555
2022-06-01T13:30:00|1654104600|202.25|202.25|202.25|202.25|202.25|100|202.25
2022-06-01T13:31:00|1654104660|202.15|202.15|202.15|202.15|202.15|100|202.15
2022-06-01T13:33:00|1654104780|202.52|202.52|202.52|202.52|202.52|100|202.52
2022-06-01T13:37:00|1654105020|202.83249999999998|202.8525|202.875|202.79|202.79|400|202.8425
2022-06-01T13:38:00|1654105080|202.6125|202.865|202.865|202.36|202.36|1400|202.62768
2022-06-01T13:40:00|1654105200|202.215|202.215|202.215|202.215|202.215|200|202.215
2022-06-01T13:42:00|1654105320|201.925|201.93|201.93|201.92|201.92|200|201.925
2022-06-01T13:45:00|1654105500|201.98|201.95|202.01|201.95|202.01|300|201.99
2022-06-01T13:47:00|1654105620|202.045|202.045|202.045|202.045|202.045|300|202.045
2022-06-01T13:48:00|1654105680|201.945|202.0|202.0|201.89|201.89|300|201.96333
2022-06-01T13:50:00|1654105800|202.0|202.0|202.0|202.0|202.0|200|202.0
2022-06-01T13:51:00|1654105860|201.74|201.8|201.8|201.68|201.68|300|201.72167
2022-06-01T13:54:00|1654106040|201.91500000000002|201.83|202.0|201.83|202.0|200|201.915
2022-06-01T13:55:00|1654106100|202.075|202.0|202.2|201.95|201.97|2044|202.05282
2022-06-01T13:56:00|1654106160|202.0375|202.005|202.07|202.005|202.005|600|202.01583
2022-06-01T13:57:00|1654106220|202.06|202.12|202.22|201.9|202.19|500|202.124
2022-06-01T13:58:00|1654106280|202.38|202.38|202.38|202.38|202.38|300|202.38
2022-06-01T13:59:00|1654106340|202.16000000000003|202.24|202.24|202.08|202.08|200|202.16
2022-06-01T14:00:00|1654106400|202.26|202.26|202.26|202.26|202.26|200|202.26
2022-06-01T14:01:00|1654106460|202.26|202.22|202.3|202.22|202.3|475|202.27053
2022-06-01T14:06:00|1654106760|202.2625|202.42|202.42|202.105|202.105|200|202.2625
2022-06-01T14:11:00|1654107060|202.205|202.205|202.205|202.205|202.205|100|202.205
2022-06-01T14:13:00|1654107180|202.72|202.72|202.72|202.72|202.72|100|202.72
2022-06-01T14:15:00|1654107300|202.86|202.86|202.86|202.86|202.86|200|202.86
2022-06-01T14:16:00|1654107360|203.25|203.25|203.25|203.25|203.25|100|203.25
2022-06-01T14:17:00|1654107420|203.27|203.27|203.27|203.27|203.27|100|203.27
2022-06-01T14:18:00|1654107480|203.1|203.1|203.1|203.1|203.1|100|203.1
2022-06-01T14:19:00|1654107540|202.95|203.03|203.03|202.87|202.87|200|202.95
2022-06-01T14:20:00|1654107600|202.88|202.88|202.88|202.88|202.88|100|202.88
2022-06-01T14:23:00|1654107780|203.2775|203.32|203.38|203.175|203.38|300|203.29167
2022-06-01T14:24:00|1654107840|203.38|203.38|203.38|203.38|203.38|100|203.38
2022-06-01T14:25:00|1654107900|203.35|203.35|203.35|203.35|203.35|100|203.35
2022-06-01T14:27:00|1654108020|203.475|203.475|203.475|203.475|203.475|100|203.475
2022-06-01T14:29:00|1654108140|203.61|203.58|203.64|203.58|203.64|500|203.616
2022-06-01T14:32:00|1654108320|203.72|203.72|203.72|203.72|203.72|100|203.72
2022-06-01T14:35:00|1654108500|203.48|203.48|203.48|203.48|203.48|200|203.48
2022-06-01T14:37:00|1654108620|203.58|203.58|203.58|203.58|203.58|100|203.58
2022-06-01T14:39:00|1654108740|203.605|203.605|203.605|203.605|203.605|100|203.605
2022-06-01T14:45:00|1654109100|204.4975|204.44|204.555|204.44|204.555|200|204.4975
2022-06-01T14:47:00|1654109220|204.45|204.45|204.45|204.45|204.45|100|204.45
2022-06-01T14:48:00|1654109280|204.455|204.455|204.455|204.455|204.455|100|204.455
2022-06-01T14:49:00|1654109340|204.7275|204.66|204.795|204.66|204.795|246|204.74012
2022-06-01T14:51:00|1654109460|204.13|204.31|204.31|203.95|203.95|400|204.19375
2022-06-01T14:53:00|1654109580|204.3925|204.3925|204.3925|204.3925|204.3925|100|204.3925
2022-06-01T14:56:00|1654109760|203.63|203.72|203.72|203.54|203.54|200|203.63
2022-06-01T14:59:00|1654109940|203.945|203.98|203.98|203.91|203.96|300|203.95
2022-06-01T15:01:00|1654110060|204.03|204.03|204.03|204.03|204.03|100|204.03
2022-06-01T15:03:00|1654110180|203.94|203.94|203.94|203.94|203.94|100|203.94
2022-06-01T15:10:00|1654110600|203.8075|203.9|203.9|203.715|203.715|300|203.81833
2022-06-01T15:11:00|1654110660|203.925|203.925|203.925|203.925|203.925|100|203.925
2022-06-01T15:12:00|1654110720|203.77|203.77|203.77|203.77|203.77|100|203.77
2022-06-01T15:16:00|1654110960|204.39|204.39|204.39|204.39|204.39|129|204.39
2022-06-01T15:17:00|1654111020|204.54|204.54|204.54|204.54|204.54|100|204.54
2022-06-01T15:18:00|1654111080|204.175|204.27|204.27|204.08|204.08|300|204.19667
2022-06-01T15:23:00|1654111380|204.275|204.275|204.275|204.275|204.275|100|204.275
2022-06-01T15:25:00|1654111500|204.2525|204.31|204.31|204.195|204.195|300|204.23333
2022-06-01T15:26:00|1654111560|204.29|204.35|204.35|204.23|204.23|200|204.29
2022-06-01T15:28:00|1654111680|204.13|204.13|204.13|204.13|204.13|100|204.13
2022-06-01T15:29:00|1654111740|204.305|204.38|204.38|204.23|204.23|200|204.305
2022-06-01T15:32:00|1654111920|204.1125|204.23|204.27|203.955|203.955|800|204.171875
2022-06-01T15:33:00|1654111980|204.07999999999998|204.07|204.09|204.07|204.09|200|204.08
2022-06-01T15:35:00|1654112100|203.975|203.975|203.975|203.975|203.975|100|203.975
2022-06-01T15:36:00|1654112160|204.225|204.24|204.32|204.13|204.14|800|204.2025
2022-06-01T15:37:00|1654112220|204.17125|204.2125|204.2125|204.13|204.13|300|204.16417
2022-06-01T15:38:00|1654112280|204.1625|204.13|204.195|204.13|204.16|500|204.157
2022-06-01T15:39:00|1654112340|204.24|204.3|204.3|204.18|204.18|200|204.24
2022-06-01T15:40:00|1654112400|204.39|204.39|204.39|204.39|204.39|200|204.39
2022-06-01T15:41:00|1654112460|204.582|204.485|204.679|204.485|204.679|300|204.573
2022-06-01T15:42:00|1654112520|204.71|204.62|204.8|204.62|204.745|700|204.71786
2022-06-01T15:43:00|1654112580|204.77249999999998|204.94|204.94|204.605|204.605|600|204.71917
2022-06-01T15:44:00|1654112640|204.79|204.79|204.79|204.79|204.79|200|204.79
2022-06-01T15:45:00|1654112700|204.55|204.55|204.55|204.55|204.55|100|204.55
2022-06-01T15:46:00|1654112760|204.63|204.63|204.63|204.63|204.63|100|204.63
2022-06-01T15:47:00|1654112820|204.5125|204.6325|204.675|204.35|204.455|700|204.52464
2022-06-01T15:48:00|1654112880|204.52249999999998|204.665|204.665|204.38|204.38|200|204.5225
2022-06-01T15:49:00|1654112940|204.275|204.29|204.34|204.21|204.34|600|204.295
2022-06-01T15:50:00|1654113000|204.385|204.48|204.48|204.29|204.36|400|204.385
2022-06-01T15:51:00|1654113060|204.49|204.63|204.63|204.35|204.35|300|204.48
2022-06-01T15:52:00|1654113120|204.345|204.4|204.42|204.27|204.27|1000|204.352
2022-06-01T15:53:00|1654113180|204.14|204.34|204.34|203.94|203.94|600|204.03417
2022-06-01T15:54:00|1654113240|203.825|203.95|203.95|203.7|203.7|500|203.833
2022-06-01T15:55:00|1654113300|203.9125|203.79|204.045|203.78|203.81|2104|203.84692
2022-06-01T15:56:00|1654113360|203.86|203.79|203.93|203.79|203.93|1309|203.85003
2022-06-01T15:57:00|1654113420|203.955|203.84|204.08|203.83|203.9|3548|203.90974
2022-06-01T15:58:00|1654113480|203.87|203.79|203.95|203.79|203.9|2255|203.86064
2022-06-01T15:59:00|1654113540|203.715|203.82|203.85|203.58|203.64|3783|203.7374
2022-06-01T16:00:00|1654113600|203.78|203.78|203.78|203.78|203.78|21764|203.78
2022-06-01T16:02:00|1654113720|203.78|203.78|203.78|203.78|203.78|830|203.78
2022-06-02T09:30:00|1654176600|204.32|204.32|204.32|204.32|204.32|451|204.32
2022-06-02T09:31:00|1654176660|205.39499999999998|205.0|205.79|205.0|205.79|300|205.51333
2022-06-02T09:36:00|1654176960|206.5|206.87|206.99|206.01|206.01|1980|206.87749
2022-06-02T09:37:00|1654177020|206.14499999999998|206.26|206.26|206.03|206.03|200|206.145
2022-06-02T09:38:00|1654177080|206.28|206.47|206.47|206.09|206.09|1100|206.12455
2022-06-02T09:42:00|1654177320|207.19|207.19|207.19|207.19|207.19|100|207.19
2022-06-02T09:45:00|1654177500|206.83|206.55|207.11|206.55|207.11|200|206.83
2022-06-02T09:46:00|1654177560|206.935|207.07|207.07|206.8|206.8|200|206.935
2022-06-02T09:48:00|1654177680|206.98|206.98|206.98|206.98|206.98|100|206.98
2022-06-02T09:52:00|1654177920|206.515|206.75|206.75|206.28|206.28|500|206.472
2022-06-02T09:55:00|1654178100|206.38|206.38|206.38|206.38|206.38|100|206.38
2022-06-02T09:56:00|1654178160|205.51|205.51|205.51|205.51|205.51|100|205.51
2022-06-02T10:01:00|1654178460|207.32999999999998|207.6|207.6|207.06|207.08|500|207.24
2022-06-02T10:03:00|1654178580|207.465|207.47|207.47|207.46|207.46|400|207.465
2022-06-02T10:08:00|1654178880|206.81|206.99|206.99|206.63|206.63|300|206.75333
2022-06-02T10:11:00|1654179060|206.96|206.96|206.96|206.96|206.96|100|206.96
2022-06-02T10:12:00|1654179120|206.89|206.97|207.02|206.76|206.87|4704|206.94781
2022-06-02T10:13:00|1654179180|207.66500000000002|207.8|207.8|207.53|207.53|401|207.67282
2022-06-02T10:14:00|1654179240|207.4856|207.4856|207.4856|207.4856|207.4856|100|207.4856
2022-06-02T10:17:00|1654179420|207.17|207.17|207.17|207.17|207.17|100|207.17
2022-06-02T10:19:00|1654179540|206.67000000000002|206.69|206.69|206.65|206.65|300|206.66333
2022-06-02T10:21:00|1654179660|206.14|206.14|206.14|206.14|206.14|100|206.14
2022-06-02T10:25:00|1654179900|206.2125|206.115|206.31|206.115|206.31|400|206.23625
2022-06-02T10:26:00|1654179960|206.39|206.47|206.47|206.31|206.31|200|206.39
2022-06-02T10:29:00|1654180140|206.45|206.45|206.45|206.45|206.45|100|206.45
2022-06-02T10:30:00|1654180200|206.53|206.53|206.53|206.53|206.53|100|206.53
2022-06-02T10:31:00|1654180260|206.81|206.81|206.81|206.81|206.81|100|206.81
2022-06-02T10:33:00|1654180380|207.0|207.0|207.0|207.0|207.0|100|207.0
2022-06-02T10:35:00|1654180500|207.305|207.23|207.44|207.17|207.44|500|207.236
2022-06-02T10:36:00|1654180560|207.2|207.2|207.2|207.2|207.2|100|207.2
2022-06-02T10:48:00|1654181280|207.51|207.55|207.55|207.47|207.47|200|207.51
2022-06-02T10:49:00|1654181340|207.31|207.35|207.35|207.27|207.27|200|207.31
2022-06-02T10:51:00|1654181460|206.685|206.685|206.685|206.685|206.685|100|206.685
2022-06-02T10:52:00|1654181520|207.32|207.32|207.32|207.32|207.32|300|207.32
2022-06-02T10:53:00|1654181580|207.31|207.31|207.31|207.31|207.31|100|207.31
2022-06-02T10:55:00|1654181700|207.575|207.72|207.72|207.43|207.43|800|207.5475
2022-06-02T10:57:00|1654181820|206.9425|206.99|207.105|206.78|206.78|300|206.95833
2022-06-02T11:04:00|1654182240|208.45|208.45|208.45|208.45|208.45|100|208.45
2022-06-02T11:05:00|1654182300|207.97|207.97|207.97|207.97|207.97|100|207.97
2022-06-02T11:11:00|1654182660|208.31|208.31|208.31|208.31|208.31|100|208.31
2022-06-02T11:12:00|1654182720|208.32|208.32|208.32|208.32|208.32|100|208.32
2022-06-02T11:17:00|1654183020|208.4125|208.385|208.48|208.345|208.48|500|208.388
2022-06-02T11:18:00|1654183080|208.23|208.23|208.23|208.23|208.23|200|208.23
2022-06-02T11:23:00|1654183380|208.125|208.23|208.27|207.98|208.07|600|208.125
2022-06-02T11:25:00|1654183500|208.25279999999998|208.23|208.3756|208.13|208.3756|450|208.28867
2022-06-02T11:29:00|1654183740|208.22|207.98|208.49|207.95|208.49|400|208.095
2022-06-02T11:31:00|1654183860|208.05|208.05|208.05|208.05|208.05|100|208.05
2022-06-02T11:32:00|1654183920|207.68|207.68|207.68|207.68|207.68|100|207.68
2022-06-02T11:34:00|1654184040|208.165|208.165|208.165|208.165|208.165|100|208.165
2022-06-02T11:35:00|1654184100|207.935|208.05|208.05|207.82|207.82|899|208.01663
2022-06-02T11:43:00|1654184580|208.125|208.16|208.17|208.08|208.08|300|208.13667
2022-06-02T11:44:00|1654184640|208.025|208.03|208.03|208.02|208.02|200|208.025
2022-06-02T11:45:00|1654184700|207.83499999999998|207.95|207.95|207.72|207.72|200|207.835
2022-06-02T11:46:00|1654184760|207.74|207.74|207.74|207.74|207.74|100|207.74
2022-06-02T11:51:00|1654185060|208.07|208.07|208.07|208.07|208.07|100|208.07
2022-06-02T11:53:00|1654185180|208.03|208.03|208.03|208.03|208.03|200|208.03
2022-06-02T11:54:00|1654185240|207.61|207.53|207.69|207.53|207.69|200|207.61
2022-06-02T11:59:00|1654185540|207.422|207.422|207.422|207.422|207.422|100|207.422
2022-06-02T12:03:00|1654185780|207.595|207.44|207.75|207.44|207.75|200|207.595
2022-06-02T12:05:00|1654185900|207.71|207.71|207.71|207.71|207.71|100|207.71
2022-06-02T12:06:00|1654185960|207.60000000000002|207.61|207.61|207.59|207.59|200|207.6
2022-06-02T12:08:00|1654186080|207.86|207.82|207.94|207.78|207.94|300|207.84667
2022-06-02T12:09:00|1654186140|207.67|207.67|207.67|207.67|207.67|100|207.67
2022-06-02T12:11:00|1654186260|207.65|207.65|207.65|207.65|207.65|100|207.65
2022-06-02T12:20:00|1654186800|207.66000000000003|207.77|207.77|207.55|207.55|300|207.69333
2022-06-02T12:22:00|1654186920|207.85|207.85|207.85|207.85|207.85|100|207.85
2022-06-02T12:23:00|1654186980|208.01|208.03|208.03|207.99|207.99|200|208.01
2022-06-02T12:25:00|1654187100|207.9933|207.9933|207.9933|207.9933|207.9933|218|207.9933
2022-06-02T12:28:00|1654187280|208.1275|208.225|208.225|208.03|208.03|200|208.1275
2022-06-02T12:29:00|1654187340|207.94|207.94|207.94|207.94|207.94|100|207.94
2022-06-02T12:33:00|1654187580|208.41|208.41|208.41|208.41|208.41|100|208.41
2022-06-02T12:34:00|1654187640|208.62|208.62|208.62|208.62|208.62|100|208.62
2022-06-02T12:36:00|1654187760|208.58|208.58|208.58|208.58|208.58|100|208.58
2022-06-02T12:37:00|1654187820|208.49|208.49|208.49|208.49|208.49|100|208.49
2022-06-02T12:38:00|1654187880|208.45|208.45|208.45|208.45|208.45|100|208.45
2022-06-02T12:40:00|1654188000|208.54|208.54|208.54|208.54|208.54|400|208.54
2022-06-02T12:41:00|1654188060|208.595|208.595|208.595|208.595|208.595|100|208.595
2022-06-02T12:42:00|1654188120|208.435|208.51|208.51|208.36|208.36|200|208.435
2022-06-02T12:43:00|1654188180|208.405|208.405|208.405|208.405|208.405|100|208.405
2022-06-02T12:44:00|1654188240|208.275|208.275|208.275|208.275|208.275|100|208.275
2022-06-02T12:46:00|1654188360|208.37|208.37|208.37|208.37|208.37|100|208.37
2022-06-02T12:47:00|1654188420|207.82999999999998|207.99|207.99|207.67|207.67|200|207.83
2022-06-02T12:51:00|1654188660|208.435|208.22|208.65|208.22|208.65|500|208.449
2022-06-02T12:52:00|1654188720|208.84|208.84|208.84|208.84|208.84|100|208.84
2022-06-02T12:55:00|1654188900|208.79500000000002|208.77|208.82|208.77|208.82|200|208.795
2022-06-02T12:59:00|1654189140|208.69|208.69|208.69|208.69|208.69|100|208.69
2022-06-02T13:00:00|1654189200|208.74|208.67|208.81|208.67|208.81|300|208.74333
2022-06-02T13:03:00|1654189380|208.985|209.0|209.01|208.96|208.96|300|208.99
2022-06-02T13:05:00|1654189500|209.08|209.08|209.08|209.08|209.08|300|209.08
2022-06-02T13:09:00|1654189740|209.55|209.4|209.71|209.39|209.71|1227|209.54916
2022-06-02T13:10:00|1654189800|209.835|209.835|209.835|209.835|209.835|100|209.835
2022-06-02T13:11:00|1654189860|209.7225|209.69|209.795|209.65|209.795|800|209.68938
2022-06-02T13:13:00|1654189980|209.44|209.44|209.44|209.44|209.44|100|209.44
2022-06-02T13:16:00|1654190160|209.11|209.11|209.11|209.11|209.11|100|209.11
2022-06-02T13:17:00|1654190220|209.59|209.59|209.59|209.59|209.59|200|209.59
2022-06-02T13:18:00|1654190280|209.715|209.73|209.78|209.65|209.65|600|209.69167
2022-06-02T13:20:00|1654190400|209.63|209.63|209.63|209.63|209.63|100|209.63
2022-06-02T13:23:00|1654190580|209.5833|209.71|209.71|209.4566|209.4566|250|209.55796
2022-06-02T13:24:00|1654190640|209.375|209.375|209.375|209.375|209.375|100|209.375
2022-06-02T13:27:00|1654190820|209.45|209.45|209.45|209.45|209.45|100|209.45
2022-06-02T13:29:00|1654190940|209.97500000000002|209.77|210.18|209.77|210.18|400|209.965
2022-06-02T13:30:00|1654191000|210.31|210.31|210.31|210.31|210.31|100|210.31
2022-06-02T13:31:00|1654191060|210.235|210.28|210.28|210.19|210.19|200|210.235
2022-06-02T13:33:00|1654191180|210.37|210.37|210.37|210.37|210.37|100|210.37
2022-06-02T13:37:00|1654191420|210.71|210.7|210.8|210.62|210.62|950|210.75263
2022-06-02T13:38:00|1654191480|210.45|210.45|210.45|210.45|210.45|100|210.45
2022-06-02T13:40:00|1654191600|210.02|210.02|210.02|210.02|210.02|100|210.02
2022-06-02T13:43:00|1654191780|210.43|210.43|210.43|210.43|210.43|100|210.43
2022-06-02T13:45:00|1654191900|210.65|210.65|210.65|210.65|210.65|100|210.65
2022-06-02T13:46:00|1654191960|210.765|210.77|210.77|210.76|210.76|400|210.765
2022-06-02T13:47:00|1654192020|210.92|210.92|210.92|210.92|210.92|100|210.92
2022-06-02T13:50:00|1654192200|211.07|211.07|211.07|211.07|211.07|100|211.07
2022-06-02T13:51:00|1654192260|210.88|210.99|211.01|210.75|210.75|700|210.91143
2022-06-02T13:52:00|1654192320|210.74|210.74|210.74|210.74|210.74|200|210.74
2022-06-02T13:54:00|1654192440|210.98|210.98|210.98|210.98|210.98|200|210.98
2022-06-02T13:55:00|1654192500|210.845|210.81|210.88|210.81|210.88|200|210.845
2022-06-02T13:58:00|1654192680|210.93|210.93|210.93|210.93|210.93|400|210.93
2022-06-02T13:59:00|1654192740|210.875|210.89|210.89|210.86|210.86|200|210.875
2022-06-02T14:04:00|1654193040|211.14|211.14|211.14|211.14|211.14|100|211.14
2022-06-02T14:06:00|1654193160|211.27|211.27|211.27|211.27|211.27|100|211.27
2022-06-02T14:07:00|1654193220|211.17000000000002|211.27|211.27|211.07|211.07|500|211.178
2022-06-02T14:08:00|1654193280|211.12|211.12|211.12|211.12|211.12|100|211.12
2022-06-02T14:13:00|1654193580|211.24|211.24|211.24|211.24|211.24|100|211.24
2022-06-02T14:14:00|1654193640|211.41|211.35|211.47|211.35|211.47|200|211.41
2022-06-02T14:15:00|1654193700|211.445|211.38|211.51|211.38|211.5|500|211.45
2022-06-02T14:16:00|1654193760|211.36|211.43|211.43|211.29|211.29|400|211.39
2022-06-02T14:18:00|1654193880|211.23000000000002|211.28|211.28|211.18|211.18|300|211.21333
2022-06-02T14:20:00|1654194000|211.08|211.08|211.08|211.08|211.08|100|211.08
2022-06-02T14:22:00|1654194120|210.83499999999998|211.045|211.045|210.625|210.625|1400|210.94921
2022-06-02T14:23:00|1654194180|210.59|210.59|210.59|210.59|210.59|100|210.59
2022-06-02T14:25:00|1654194300|210.72|210.72|210.72|210.72|210.72|100|210.72
2022-06-02T14:26:00|1654194360|210.75|210.75|210.75|210.75|210.75|100|210.75
2022-06-02T14:28:00|1654194480|210.63|210.67|210.67|210.59|210.59|500|210.64
2022-06-02T14:30:00|1654194600|210.73|210.73|210.73|210.73|210.73|100|210.73
2022-06-02T14:32:00|1654194720|210.815|210.815|210.815|210.815|210.815|100|210.815
2022-06-02T14:37:00|1654195020|210.72|210.72|210.72|210.72|210.72|200|210.72
2022-06-02T14:39:00|1654195140|210.81|210.81|210.81|210.81|210.81|100|210.81
2022-06-02T14:41:00|1654195260|210.87|210.885|210.885|210.855|210.855|300|210.865
2022-06-02T14:42:00|1654195320|210.845|210.76|210.95|210.74|210.95|654|210.84092
2022-06-02T14:43:00|1654195380|211.0|211.0|211.0|211.0|211.0|200|211.0
2022-06-02T14:44:00|1654195440|211.04500000000002|211.03|211.1|210.99|211.1|400|211.0375
2022-06-02T14:45:00|1654195500|211.075|211.075|211.075|211.075|211.075|100|211.075
2022-06-02T14:48:00|1654195680|211.255|211.24|211.27|211.24|211.27|200|211.255
2022-06-02T14:49:00|1654195740|211.42|211.42|211.42|211.42|211.42|100|211.42
2022-06-02T14:50:00|1654195800|211.28|211.29|211.29|211.27|211.27|700|211.28571
2022-06-02T14:51:00|1654195860|211.185|211.43|211.43|210.94|210.94|700|211.19857
2022-06-02T14:54:00|1654196040|210.98|210.98|210.98|210.98|210.98|100|210.98
2022-06-02T14:55:00|1654196100|210.78|210.78|210.78|210.78|210.78|100|210.78
2022-06-02T14:59:00|1654196340|210.315|210.41|210.41|210.22|210.22|200|210.315
2022-06-02T15:02:00|1654196520|210.81|210.81|210.81|210.81|210.81|100|210.81
2022-06-02T15:04:00|1654196640|210.83|210.83|210.83|210.83|210.83|100|210.83
2022-06-02T15:06:00|1654196760|210.8|210.84|210.86|210.74|210.77|400|210.8025
2022-06-02T15:07:00|1654196820|210.52|210.52|210.52|210.52|210.52|100|210.52
2022-06-02T15:09:00|1654196940|210.75|210.75|210.75|210.75|210.75|100|210.75
2022-06-02T15:10:00|1654197000|210.66|210.66|210.66|210.66|210.66|200|210.66
2022-06-02T15:12:00|1654197120|210.64|210.64|210.64|210.64|210.64|100|210.64
2022-06-02T15:14:00|1654197240|211.0725|211.04|211.105|211.04|211.105|200|211.0725
2022-06-02T15:16:00|1654197360|211.155|211.15|211.22|211.09|211.22|422|211.15948
2022-06-02T15:17:00|1654197420|211.15|211.15|211.15|211.15|211.15|100|211.15
2022-06-02T15:19:00|1654197540|211.13|211.15|211.15|211.11|211.125|400|211.12375
2022-06-02T15:20:00|1654197600|211.09|211.09|211.09|211.09|211.09|200|211.09
2022-06-02T15:21:00|1654197660|211.19|211.19|211.19|211.19|211.19|100|211.19
2022-06-02T15:22:00|1654197720|210.935|211.07|211.07|210.8|210.96|300|210.94333
2022-06-02T15:23:00|1654197780|210.96|210.96|210.96|210.96|210.96|100|210.96
2022-06-02T15:25:00|1654197900|211.11|211.11|211.11|211.11|211.11|300|211.11
2022-06-02T15:26:00|1654197960|210.765|210.83|210.83|210.7|210.7|200|210.765
2022-06-02T15:28:00|1654198080|210.44|210.44|210.44|210.44|210.44|100|210.44
2022-06-02T15:31:00|1654198260|210.57|210.55|210.64|210.5|210.5|900|210.54778
2022-06-02T15:32:00|1654198320|210.3674|210.41|210.41|210.3248|210.3248|200|210.3674
2022-06-02T15:33:00|1654198380|210.44|210.47|210.47|210.41|210.41|300|210.45
2022-06-02T15:35:00|1654198500|210.54500000000002|210.53|210.56|210.53|210.56|416|210.53721
2022-06-02T15:36:00|1654198560|210.58|210.58|210.58|210.58|210.58|100|210.58
2022-06-02T15:38:00|1654198680|210.4825|210.46|210.515|210.45|210.515|400|210.46875
2022-06-02T15:39:00|1654198740|210.4875|210.535|210.535|210.44|210.44|300|210.47167
2022-06-02T15:40:00|1654198800|210.5|210.5|210.5|210.5|210.5|100|210.5
2022-06-02T15:41:00|1654198860|210.47|210.5|210.52|210.42|210.42|600|210.45667
2022-06-02T15:43:00|1654198980|210.32|210.32|210.32|210.32|210.32|100|210.32
2022-06-02T15:44:00|1654199040|210.34|210.32|210.36|210.32|210.36|200|210.34
2022-06-02T15:45:00|1654199100|210.27|210.27|210.27|210.27|210.27|100|210.27
2022-06-02T15:46:00|1654199160|210.29|210.29|210.29|210.29|210.29|100|210.29
2022-06-02T15:47:00|1654199220|210.31|210.36|210.36|210.26|210.3|500|210.298
2022-06-02T15:48:00|1654199280|210.24|210.24|210.24|210.24|210.24|100|210.24
2022-06-02T15:49:00|1654199340|210.3175|210.24|210.41|210.225|210.3|900|210.30667
2022-06-02T15:50:00|1654199400|210.535|210.45|210.66|210.41|210.65|1954|210.51508
2022-06-02T15:51:00|1654199460|210.7|210.68|210.75|210.65|210.68|800|210.6825
2022-06-02T15:52:00|1654199520|210.435|210.52|210.52|210.35|210.45|600|210.45667
2022-06-02T15:53:00|1654199580|210.6|210.5|210.755|210.445|210.755|1100|210.59455
2022-06-02T15:54:00|1654199640|210.775|210.66|210.9|210.65|210.77|1300|210.75596
2022-06-02T15:55:00|1654199700|210.965|210.9|211.1|210.83|211.03|1600|210.98938
2022-06-02T15:56:00|1654199760|211.135|211.09|211.18|211.09|211.11|903|211.1365
2022-06-02T15:57:00|1654199820|211.235|211.16|211.33|211.14|211.33|1953|211.20391
2022-06-02T15:58:00|1654199880|211.3825|211.37|211.505|211.26|211.325|3152|211.42823
2022-06-02T15:59:00|1654199940|211.32|211.405|211.48|211.16|211.29|4964|211.39449
2022-06-02T16:00:00|1654200000|211.47|211.47|211.47|211.47|211.47|17475|211.47
2022-06-03T09:30:00|1654263000|209.67|209.67|209.67|209.67|209.67|786|209.67
2022-06-03T09:35:00|1654263300|208.8|208.9|209.23|208.37|208.37|831|208.65761
2022-06-03T09:41:00|1654263660|208.33|208.33|208.33|208.33|208.33|100|208.33
2022-06-03T09:42:00|1654263720|210.045|210.045|210.045|210.045|210.045|100|210.045
2022-06-03T09:43:00|1654263780|208.50574999999998|208.5615|208.5615|208.45|208.45|300|208.52433
2022-06-03T09:44:00|1654263840|209.96|209.96|209.96|209.96|209.96|100|209.96
2022-06-03T09:47:00|1654264020|209.3|209.55|209.55|209.05|209.05|300|209.22333
2022-06-03T09:48:00|1654264080|209.875|209.875|209.875|209.875|209.875|100|209.875
2022-06-03T09:49:00|1654264140|209.64|209.69|209.69|209.59|209.59|300|209.62333
2022-06-03T09:51:00|1654264260|209.39499999999998|209.5|209.5|209.29|209.29|200|209.395
2022-06-03T09:53:00|1654264380|209.73|209.73|209.73|209.73|209.73|100|209.73
2022-06-03T10:02:00|1654264920|211.22|211.22|211.22|211.22|211.22|100|211.22
2022-06-03T10:03:00|1654264980|211.09|211.09|211.09|211.09|211.09|100|211.09
2022-06-03T10:04:00|1654265040|210.68|210.68|210.68|210.68|210.68|100|210.68
2022-06-03T10:07:00|1654265220|211.13400000000001|211.038|211.23|211.038|211.23|256|211.113
2022-06-03T10:09:00|1654265340|211.13|211.13|211.13|211.13|211.13|100|211.13
2022-06-03T10:11:00|1654265460|210.525|210.43|210.62|210.43|210.62|300|210.53
2022-06-03T10:13:00|1654265580|211.07|211.07|211.07|211.07|211.07|100|211.07
2022-06-03T10:15:00|1654265700|211.52|211.52|211.52|211.52|211.52|100|211.52
2022-06-03T10:16:00|1654265760|211.43|211.54|211.54|211.32|211.51|595|211.45454
2022-06-03T10:20:00|1654266000|211.08|211.08|211.08|211.08|211.08|100|211.08
2022-06-03T10:25:00|1654266300|211.53|211.53|211.53|211.53|211.53|100|211.53
2022-06-03T10:27:00|1654266420|211.7425|211.55|211.935|211.55|211.935|200|211.7425
2022-06-03T10:28:00|1654266480|211.69|211.68|211.7|211.68|211.7|200|211.69
2022-06-03T10:31:00|1654266660|210.37|210.37|210.37|210.37|210.37|100|210.37
2022-06-03T10:35:00|1654266900|210.76|210.76|210.76|210.76|210.76|100|210.76
2022-06-03T10:36:00|1654266960|210.375|210.535|210.55|210.2|210.55|612|210.47778
2022-06-03T10:37:00|1654267020|210.68|210.68|210.68|210.68|210.68|100|210.68
2022-06-03T10:46:00|1654267560|210.65|210.65|210.65|210.65|210.65|350|210.65
2022-06-03T10:48:00|1654267680|210.87|210.87|210.87|210.87|210.87|300|210.87
2022-06-03T10:50:00|1654267800|210.845|210.93|210.93|210.76|210.76|200|210.845
2022-06-03T10:53:00|1654267980|210.1987|210.1987|210.1987|210.1987|210.1987|500|210.1987
2022-06-03T10:54:00|1654268040|210.35|210.35|210.35|210.35|210.35|200|210.35
2022-06-03T10:56:00|1654268160|210.11|210.18|210.18|210.04|210.04|200|210.11
2022-06-03T10:58:00|1654268280|210.31|210.31|210.31|210.31|210.31|100|210.31
2022-06-03T11:08:00|1654268880|209.785|209.785|209.785|209.785|209.785|111|209.785
2022-06-03T11:10:00|1654269000|210.01|210.01|210.01|210.01|210.01|300|210.01
2022-06-03T11:11:00|1654269060|209.765|209.64|209.89|209.64|209.7|800|209.75938
2022-06-03T11:15:00|1654269300|210.00375|209.97|210.0375|209.97|210.0375|200|210.00375
2022-06-03T11:16:00|1654269360|210.71|210.71|210.71|210.71|210.71|100|210.71
2022-06-03T11:17:00|1654269420|210.5|210.5|210.5|210.5|210.5|100|210.5
2022-06-03T11:18:00|1654269480|210.87|210.77|210.97|210.77|210.795|300|210.845
2022-06-03T11:20:00|1654269600|210.98|210.98|210.98|210.98|210.98|100|210.98
2022-06-03T11:22:00|1654269720|210.89|210.89|210.89|210.89|210.89|100|210.89
2022-06-03T11:23:00|1654269780|210.9475|210.82|211.075|210.82|211.075|926|210.93245
2022-06-03T11:24:00|1654269840|211.01999999999998|210.89|211.15|210.89|211.15|200|211.02
2022-06-03T11:25:00|1654269900|210.79|210.79|210.79|210.79|210.79|100|210.79
2022-06-03T11:26:00|1654269960|211.04000000000002|210.93|211.28|210.8|210.8|786|210.97145
2022-06-03T11:28:00|1654270080|210.82|210.82|210.82|210.82|210.82|200|210.82
2022-06-03T11:30:00|1654270200|211.15|211.15|211.15|211.15|211.15|200|211.15
2022-06-03T11:32:00|1654270320|211.2985|211.2985|211.2985|211.2985|211.2985|100|211.2985
2022-06-03T11:36:00|1654270560|211.54|211.49|211.64|211.44|211.64|400|211.52
2022-06-03T11:38:00|1654270680|211.33|211.33|211.33|211.33|211.33|100|211.33
2022-06-03T11:39:00|1654270740|211.33|211.33|211.33|211.33|211.33|100|211.33
2022-06-03T11:41:00|1654270860|211.275|211.36|211.36|211.19|211.36|300|211.30333
2022-06-03T11:49:00|1654271340|211.0|211.0|211.0|211.0|211.0|100|211.0
2022-06-03T11:53:00|1654271580|210.59|210.59|210.59|210.59|210.59|100|210.59
2022-06-03T12:00:00|1654272000|210.64|210.64|210.64|210.64|210.64|100|210.64
2022-06-03T12:01:00|1654272060|210.975|210.95|211.01|210.94|210.94|1100|210.94909
2022-06-03T12:02:00|1654272120|210.8|210.8|210.8|210.8|210.8|200|210.8
2022-06-03T12:04:00|1654272240|210.5|210.5|210.5|210.5|210.5|125|210.5
2022-06-03T12:06:00|1654272360|210.31|210.31|210.31|210.31|210.31|100|210.31
2022-06-03T12:07:00|1654272420|209.85|209.85|209.85|209.85|209.85|100|209.85
2022-06-03T12:12:00|1654272720|209.41|209.41|209.41|209.41|209.41|100|209.41
2022-06-03T12:14:00|1654272840|209.425|209.47|209.47|209.38|209.41|300|209.42
2022-06-03T12:15:00|1654272900|209.62|209.6|209.64|209.6|209.64|200|209.62
2022-06-03T12:22:00|1654273320|209.96|209.96|209.96|209.96|209.96|200|209.96
2022-06-03T12:23:00|1654273380|209.815|209.81|209.82|209.81|209.82|252|209.81603
2022-06-03T12:24:00|1654273440|209.78|209.79|209.79|209.77|209.77|1015|209.77197
2022-06-03T12:27:00|1654273620|209.57|209.57|209.57|209.57|209.57|100|209.57
2022-06-03T12:29:00|1654273740|209.42000000000002|209.4|209.53|209.31|209.33|609|209.36552
2022-06-03T12:32:00|1654273920|209.41750000000002|209.335|209.5|209.335|209.5|400|209.45125
2022-06-03T12:34:00|1654274040|209.76|209.76|209.76|209.76|209.76|100|209.76
2022-06-03T12:36:00|1654274160|209.91|209.91|209.91|209.91|209.91|200|209.91
2022-06-03T12:39:00|1654274340|210.07|210.18|210.18|209.96|209.96|300|210.08167
2022-06-03T12:40:00|1654274400|209.9|209.9|209.9|209.9|209.9|100|209.9
2022-06-03T12:41:00|1654274460|209.89|209.89|209.89|209.89|209.89|100|209.89
2022-06-03T12:43:00|1654274580|209.75|209.67|209.83|209.67|209.83|200|209.75
2022-06-03T12:47:00|1654274820|209.775|209.775|209.775|209.775|209.775|100|209.775
2022-06-03T12:50:00|1654275000|209.915|209.915|209.915|209.915|209.915|200|209.915
2022-06-03T12:53:00|1654275180|209.955|209.955|209.955|209.955|209.955|100|209.955
2022-06-03T12:54:00|1654275240|210.1975|210.08|210.315|210.08|210.315|600|210.13917
2022-06-03T12:58:00|1654275480|210.795|210.795|210.795|210.795|210.795|189|210.795
2022-06-03T13:00:00|1654275600|210.98000000000002|210.94|211.02|210.94|211.02|300|210.96667
2022-06-03T13:08:00|1654276080|211.60000000000002|211.59|211.61|211.59|211.61|400|211.5975
2022-06-03T13:11:00|1654276260|211.575|211.575|211.575|211.575|211.575|100|211.575
2022-06-03T13:14:00|1654276440|211.56|211.56|211.56|211.56|211.56|100|211.56
2022-06-03T13:15:00|1654276500|211.36|211.36|211.36|211.36|211.36|100|211.36
2022-06-03T13:22:00|1654276920|211.13|211.13|211.13|211.13|211.13|100|211.13
2022-06-03T13:24:00|1654277040|210.9891|210.9891|210.9891|210.9891|210.9891|100|210.9891
2022-06-03T13:25:00|1654277100|211.46499999999997|211.39|211.54|211.39|211.54|200|211.465
2022-06-03T13:28:00|1654277280|211.3025|211.325|211.325|211.28|211.28|200|211.3025
2022-06-03T13:29:00|1654277340|211.63|211.63|211.63|211.63|211.63|100|211.63
2022-06-03T13:30:00|1654277400|211.5525|211.615|211.615|211.49|211.49|200|211.5525
2022-06-03T13:31:00|1654277460|211.435|211.37|211.5|211.37|211.5|200|211.435
2022-06-03T13:32:00|1654277520|211.68|211.68|211.68|211.68|211.68|100|211.68
2022-06-03T13:35:00|1654277700|211.38|211.45|211.45|211.31|211.425|500|211.399
2022-06-03T13:40:00|1654278000|211.37|211.37|211.37|211.37|211.37|100|211.37
2022-06-03T13:42:00|1654278120|211.09|210.99|211.19|210.99|211.08|400|211.08
2022-06-03T13:43:00|1654278180|210.89|210.89|210.89|210.89|210.89|100|210.89
2022-06-03T13:47:00|1654278420|211.1|211.1|211.1|211.1|211.1|121|211.1
2022-06-03T13:48:00|1654278480|211.195|211.18|211.24|211.15|211.24|500|211.19
2022-06-03T13:53:00|1654278780|211.46|211.46|211.46|211.46|211.46|100|211.46
2022-06-03T13:56:00|1654278960|211.4425|211.445|211.445|211.44|211.44|200|211.4425
2022-06-03T13:57:00|1654279020|211.3075|211.35|211.35|211.265|211.265|200|211.3075
2022-06-03T13:59:00|1654279140|211.25|211.25|211.25|211.25|211.25|100|211.25
2022-06-03T14:00:00|1654279200|211.21499999999997|211.265|211.265|211.165|211.165|326|211.19567
2022-06-03T14:05:00|1654279500|211.105|211.105|211.105|211.105|211.105|100|211.105
2022-06-03T14:06:00|1654279560|211.31|211.31|211.31|211.31|211.31|200|211.31
2022-06-03T14:11:00|1654279860|211.41|211.41|211.41|211.41|211.41|100|211.41
2022-06-03T14:12:00|1654279920|211.395|211.395|211.395|211.395|211.395|100|211.395
2022-06-03T14:13:00|1654279980|211.44|211.48|211.48|211.4|211.4|200|211.44
2022-06-03T14:15:00|1654280100|211.41|211.41|211.41|211.41|211.41|100|211.41
2022-06-03T14:19:00|1654280340|211.38|211.38|211.38|211.38|211.38|300|211.38
2022-06-03T14:20:00|1654280400|211.3425|211.335|211.35|211.335|211.35|325|211.34231
2022-06-03T14:28:00|1654280880|211.47|211.51|211.53|211.41|211.53|300|211.48333
2022-06-03T14:30:00|1654281000|210.6525|211.745|211.745|209.56|210.19|12277|210.79974
2022-06-03T14:31:00|1654281060|210.02|210.02|210.02|210.02|210.02|100|210.02
2022-06-03T14:32:00|1654281120|210.1925|210.28|210.28|210.105|210.105|200|210.1925
2022-06-03T14:36:00|1654281360|209.33499999999998|209.41|209.41|209.26|209.39|700|209.31571
2022-06-03T14:38:00|1654281480|208.97|208.98|208.98|208.96|208.96|200|208.97
2022-06-03T14:42:00|1654281720|208.64|208.64|208.64|208.64|208.64|200|208.64
2022-06-03T14:45:00|1654281900|209.03|209.15|209.15|208.91|209.055|803|209.01326
2022-06-03T14:48:00|1654282080|208.94|208.94|208.94|208.94|208.94|200|208.94
2022-06-03T14:50:00|1654282200|208.7725|208.77|208.775|208.77|208.775|200|208.7725
2022-06-03T14:53:00|1654282380|208.86|208.86|208.86|208.86|208.86|100|208.86
2022-06-03T14:55:00|1654282500|208.895|208.895|208.895|208.895|208.895|100|208.895
2022-06-03T14:56:00|1654282560|209.2075|209.05|209.365|209.05|209.365|500|209.197
2022-06-03T14:57:00|1654282620|209.37|209.37|209.38|209.36|209.36|500|209.368
2022-06-03T15:01:00|1654282860|209.39|209.39|209.39|209.39|209.39|200|209.39
2022-06-03T15:07:00|1654283220|209.255|209.4|209.4|209.11|209.11|400|209.29
2022-06-03T15:09:00|1654283340|209.24|209.31|209.37|209.11|209.11|600|209.28667
2022-06-03T15:10:00|1654283400|209.4525|209.45|209.46|209.445|209.46|400|209.45375
2022-06-03T15:15:00|1654283700|209.125|209.125|209.125|209.125|209.125|100|209.125
2022-06-03T15:16:00|1654283760|209.12|209.12|209.12|209.12|209.12|100|209.12
2022-06-03T15:18:00|1654283880|209.28|209.28|209.28|209.28|209.28|158|209.28
2022-06-03T15:21:00|1654284060|209.175|209.18|209.18|209.17|209.17|300|209.17333
2022-06-03T15:23:00|1654284180|209.13|209.04|209.22|209.04|209.22|200|209.13
2022-06-03T15:24:00|1654284240|209.22|209.22|209.22|209.22|209.22|100|209.22
2022-06-03T15:29:00|1654284540|210.08499999999998|210.1|210.1|210.07|210.07|500|210.088
2022-06-03T15:30:00|1654284600|209.995|210.075|210.075|209.915|209.9617|500|209.99445
2022-06-03T15:33:00|1654284780|210.25|210.25|210.25|210.25|210.25|240|210.25
2022-06-03T15:35:00|1654284900|210.09750000000003|210.07|210.145|210.05|210.145|1000|210.0755
2022-06-03T15:36:00|1654284960|210.2925|210.39|210.39|210.195|210.195|200|210.2925
2022-06-03T15:37:00|1654285020|210.12|210.185|210.3|209.94|210.3|685|210.0473
2022-06-03T15:38:00|1654285080|210.1975|210.155|210.24|210.155|210.24|300|210.21
2022-06-03T15:39:00|1654285140|210.02749999999997|210.105|210.105|209.95|209.95|200|210.0275
2022-06-03T15:40:00|1654285200|210.0125|210.01|210.015|210.01|210.015|200|210.0125
2022-06-03T15:41:00|1654285260|209.865|209.865|209.865|209.865|209.865|100|209.865
2022-06-03T15:42:00|1654285320|209.8125|209.895|209.895|209.73|209.82|400|209.80625
2022-06-03T15:43:00|1654285380|209.5925|209.66|209.695|209.49|209.49|500|209.603
2022-06-03T15:44:00|1654285440|209.39249999999998|209.34|209.465|209.32|209.465|400|209.39188
2022-06-03T15:45:00|1654285500|209.3175|209.445|209.445|209.19|209.19|200|209.3175
2022-06-03T15:46:00|1654285560|209.2375|209.105|209.37|209.105|209.37|200|209.2375
2022-06-03T15:47:00|1654285620|209.43|209.36|209.5|209.36|209.5|200|209.43
2022-06-03T15:49:00|1654285740|209.425|209.425|209.425|209.425|209.425|100|209.425
2022-06-03T15:50:00|1654285800|209.255|209.25|209.26|209.25|209.26|200|209.255
2022-06-03T15:51:00|1654285860|209.5475|209.61|209.61|209.485|209.485|200|209.5475
2022-06-03T15:53:00|1654285980|209.95|209.9|210.07|209.83|209.94|900|209.95611
2022-06-03T15:54:00|1654286040|209.885|209.93|209.98|209.79|209.905|900|209.91444
2022-06-03T15:55:00|1654286100|210.06|210.06|210.06|210.06|210.06|100|210.06
2022-06-03T15:56:00|1654286160|210.145|210.1|210.27|210.02|210.18|590|210.15254
2022-06-03T15:57:00|1654286220|210.1375|210.24|210.285|209.99|210.06|759|210.16036
2022-06-03T15:58:00|1654286280|210.10500000000002|210.09|210.19|210.02|210.06|1358|210.08356
2022-06-03T15:59:00|1654286340|210.165|209.91|210.42|209.91|210.38|3834|210.30159
2022-06-03T16:00:00|1654286400|210.3|210.3|210.3|210.3|210.3|12809|210.3
